{"cameraMode":{"drawMode":0,"name":"Shaded","section":"Shading Mode"},"sceneLighting":true,"audioPlay":false,"sceneViewState":{"showFog":true,"showMaterialUpdate":false,"showSkybox":true,"showFlares":true,"showImageEffects":true,"showParticleSystems":true},"in2DMode":false,"pivot":{"x":-0.45075803995132449,"y":-6.644214153289795,"z":18.559635162353517},"rotation":{"x":-0.2160397171974182,"y":0.027610719203948976,"z":-0.005844079423695803,"w":-0.9761031866073608},"size":22.221149444580079,"orthographic":false}